Ticker,Signal,Price,1d,5d,1mo,3mo,6mo,YTD,1y,RVOL,RSI
XBI,üêÇ,124.33000183105469,0.38756831881099474,0.501174319917888,1.5478078512104436,15.1068738717943,41.598451053978245,2.3123808966535324,44.00453075468895,0.14279504049681888,48.52632339772805
CRM,üßä,240.6649932861328,-0.16386139403528574,-7.624843813088999,-5.3132782638785665,1.8908853833397041,-7.082798953017146,-5.108036464186787,-25.129464589182415,0.24805972995594114,28.670491869371247
GILD,,122.13500213623047,0.30798291181075493,1.2140581664997308,1.9661073475821738,3.923649563683692,13.782567224095482,0.4399701223871598,37.96645019704963,0.07065751898300199,42.77606812442428
DECK,üêÇ,102.75,1.0225159029483397,-4.293964776586514,-1.1924203185329143,6.542925548376563,1.511557756219366,-3.783126585721309,-50.15523415919846,0.08247710053669897,53.948874031152734
TGTX,üêª,30.530000686645508,9.544312046333173,0.09836290703445184,-2.8016528654619055,-12.895859197725068,-22.09746936342444,4.269125582944812,2.6563581762181077,1.4931245317028816,49.003989664601065
HBM,üêÇüî•,22.825000762939453,1.3993804125041742,8.1241122832887,21.087534753459764,31.86020489398568,132.90816651737123,13.557215570910714,160.52654695933234,0.11837288825910244,76.39525302130752
RUN,,19.662500381469727,6.169005915046364,7.4453617552611036,13.328529966315234,-7.644436186334963,97.4146617084539,1.144546508742652,105.45978065290717,0.2078780190649601,51.24710930382384
ADI,üêÇüî•,296.6650085449219,0.15361301204208563,-0.8340002295245017,5.785553402605464,25.01062853818442,24.03628077407593,8.374742137938478,40.48796751401846,0.08107295136376412,71.2549474377446
URA,üî•,50.650001525878906,-0.23635794918811268,2.3025716885348504,18.906272430498642,-8.676870482537614,31.29112923217457,9.965262734988782,95.10246682565207,0.20938456095966038,74.86803654320957
CMI,üêÇüî•,562.9299926757812,-0.7947994054385868,3.386655911428009,8.831318062016674,32.95778672135453,61.68250307765868,7.834791311525627,54.54495337701613,0.06550422783628158,76.14648173678127
GNRC,,154.71499633789062,-1.8928349195410907,3.9821246852022143,-2.3448819728807107,-19.28053539108459,3.3224193016031918,9.64917763673702,-3.604363652404595,0.06850483620203354,67.12819216324496
PLD,üêÇ,130.22999572753906,0.007675093489669324,1.4331305760867357,0.44735970563776095,6.911465725334179,24.41501385004401,0.9143685764253666,24.74023391626538,0.05734652233779432,59.639516285744186
TCOM,‚ö°üêª,64.13999938964844,-15.248415524567749,-16.50611866121903,-10.155484048163826,-8.122043213346775,2.92041030766464,-13.89448083090244,0.08029558298105059,11.951929155053891,33.64704615186689
SMR,üêª,18.75,-2.496097522946208,-4.677173730175623,7.696726963424262,-64.90735561874274,-59.96156466608081,14.960150913264517,-2.496097522946208,0.16713655712972955,63.468990107939845
ANET,üêª,126.8550033569336,-2.366650882926456,2.533949325330157,0.76654537450455,-11.525318010265893,13.283621677154528,-5.048654519787885,10.395091214119406,0.1413751399776036,44.0664363010564
NVT,,104.55999755859375,-1.9504893501120872,1.7912736721422229,1.9003965857548848,3.6284938418613994,36.00985987743829,-2.115710674674317,51.161498934305484,0.04685167806229611,51.21248800556917
SLB,üêÇüî•,46.814998626708984,1.9934576697436341,5.367990783595308,20.34703545079423,44.87212177488985,37.18614973640429,16.455218254293978,21.136488254550784,0.2197689877663532,83.82411704761739
NOW,üêªüßä,137.43499755859375,-0.5463527530746145,-5.988784962447451,-10.196678261977587,-23.905100994326258,-28.355837852916665,-6.792132653053833,-33.36743278477308,0.12659661729813249,21.298960994737442
DOCN,üêÇ,52.29999923706055,-3.8426184519973754,-0.3239984366066687,14.242028465741718,20.3682354861307,79.47838137443257,6.800077462423247,55.84027740441007,0.2679095474400499,61.00587403526913
SOFI,üêª,26.284500122070312,-3.152171285252217,-5.178568639403277,1.7989947046328039,-6.227258372515182,18.98822969899811,-4.280768396190638,81.27241463496767,0.22773051924345744,45.58098336228503
GM,üêÇ,82.7249984741211,-0.6186922187231249,-2.8250896944558685,0.908752240401672,43.40854780165452,56.18212856292298,2.1548469311567295,64.07867715699463,0.07415876807494792,49.89723967646021
LDOS,üêÇ,190.47999572753906,-2.7964945900057114,-2.428032713617965,2.436138130487717,2.3276339271113087,17.588916554548682,3.82078512028969,25.964089736607814,0.11298202815514424,55.52895701216606
TQQQ,,53.439998626708984,-3.884891918508733,-1.3840192268068123,2.890569892413098,3.7280562272374853,23.089815571429824,2.0821397982021446,42.24737236882761,0.4363992125200226,43.48895944459973
CVX,üêÇüî•,167.19500732421875,2.0290549253104273,4.989015588206437,11.612152148255126,11.144773849691884,12.92398440686756,7.2450377613447,11.501369638305384,0.16112239236469814,73.85958427505174
MRNA,üêÇüî•,41.2400016784668,4.141422392774731,21.795631822460884,37.83422985731158,48.77345851375565,28.07453633955165,33.63577726124025,19.67499354069671,0.3879776079852779,71.88264571772653
JNJ,üêÇüî•,216.41160583496094,1.2925869493890985,5.181825436190006,1.0466487767569392,13.922500976547362,34.6080623321344,4.3701950637616465,54.083663585663565,0.18876901000329308,71.56370294304978
PWR,,439.80999755859375,-0.9882968320116607,6.447705125028113,0.9302490078868313,0.6853905973274349,10.58829433501506,0.029568068817806138,37.64532482102003,0.11091746209994385,52.419869013725574
PANW,üêª,189.83999633789062,-0.5292165225696551,-0.5031481648387442,2.1304020610364685,-8.156749327177454,-3.2810283683808157,5.837097343880049,11.290886563544161,0.12611623584799322,52.5489059255132
NBIS,,102.3499984741211,-2.921371357430873,5.190128739951821,26.140003998050997,-18.660099352504943,90.63140452979148,13.785438517595445,177.4464629100567,0.23510102162069513,63.631335593282145
EH,,14.779999732971191,3.212290837640407,4.822690305704691,11.044322066195885,-18.88034967082532,-21.716099629471245,2.354571762244231,-1.1371242706544331,0.18457036841924437,61.59170309495533
COST,üî•,943.3300170898438,0.14863359537850473,3.0612600764754885,9.618157916480932,-1.0812027891411993,-0.8320142391590991,10.395554954926126,3.3821863257017477,0.16971751074018243,81.26856425506305
MDB,üêÇüõí,400.05999755859375,-2.706779059979335,-3.2549796412944643,-3.8317313561072717,25.87232623112839,83.06868612699351,0.10259068394120191,65.03444227336,0.10592865055861675,36.7408266093821
PYPL,üêª,57.0,0.7779324894372479,-2.1795099498655692,-6.157394756531068,-15.957975748178457,-22.648568899380347,-1.9607832845134312,-34.46688575643424,0.15386454304546116,34.72751033811549
HII,üêÇüî•,414.7300109863281,0.7457628375135061,9.580682656134782,25.99647781388969,46.18156522442522,63.936532928269195,18.57898813047266,114.98332281740255,0.2550299009123052,76.57809287127603
NVDA,,181.05999755859375,-2.556374825042514,-2.1508840639572857,2.7057714300997437,0.6895815525967054,4.670682853497979,-4.124971296348217,37.45411756583515,0.21480906531725608,31.750988609550646
SPIR,üî•,10.395000457763672,-1.8413568651041656,-0.14408635800476305,14.482384858004405,-24.013156243638687,-16.773413544802153,33.09859838570167,-20.40581834783159,0.06746594451810406,70.14756730765275
WFC,,88.81999969482422,-5.06626548467043,-7.092049045515644,-4.3918210592473805,3.269697242534628,12.672826380145496,-6.701678002034613,27.475865485311683,0.5394208019230043,33.39211988149995
NTR,üêÇ,65.0,5.984017706464496,8.695653560672282,5.092969448005583,11.818336152849332,11.454047222446432,2.9132364740866636,28.336072377033005,0.715317241760236,54.80304079223415
KMI,üêÇ,27.645099639892578,0.9682267613281917,1.3755011948381424,3.4622019098470806,1.2599724766142744,2.777103146658392,-0.2342094793371705,-0.8809318536634303,0.07569309621806321,55.09189332978652
CRWD,üêª,472.17999267578125,0.8888517071410496,1.791449683330864,-3.1366050232082463,-3.443621266250492,0.5001822298871434,4.100711374872846,35.66830855161196,0.18631269856122482,46.27266656305134
CCJ,üêÇüî•,108.51499938964844,-0.3718314231594856,2.6049519646087282,20.867677506219596,16.334565224930362,39.55369788485549,10.10044853657434,121.61899930919733,0.11362810417928527,84.74809133510013
HOOD,üêª,118.46499633789062,-1.4762155334450036,2.6648730084992476,2.7806647078420523,-11.692134381084605,12.342342120727196,2.8252732221891486,183.6805581881576,0.2500770853100373,47.26037833963994
JOBY,üêª,14.399999618530273,-2.7684050605654007,-5.573772993244109,1.4799157459968024,-18.181822122621057,-18.735890651655588,0.27855127304566324,83.20609890488221,0.13468973701956746,51.093745296820714
LABU,üêÇ,167.2899932861328,1.4555121022306483,1.739342417895035,2.77789079302392,43.00103714232107,150.75352306037985,6.215868753100199,113.39232049653076,0.20177916653381373,47.13283977833181
PDYN,,6.511300086975098,-8.67741960077562,0.17384749192457932,44.6955574883355,-34.42799711112563,-48.649054177725176,37.95127916119491,-27.9723438666873,0.5739661423164872,69.0564368521346
SDGR,üõí,18.094999313354492,-1.1742226043632762,-2.7673362713948957,-0.6315199170779878,-12.202820099548603,-16.420325024546653,0.6395982983649207,-5.112744609714656,0.1063203670184306,38.81065153047396
NFLX,üêªüßä,89.16999816894531,-1.2732523580209967,-1.5022651371807798,-4.9056186827337696,-25.89484130594658,-30.017188995905048,-2.000219515939683,7.6412386659647575,0.2724843183337223,26.441780844662574
MBLY,üêª,10.948399543762207,1.8455771512763446,-2.594308125390188,3.8747588556668204,-28.581868243640464,-32.70805632621921,-2.507569100203575,-32.123991857406466,0.14858372002595027,58.23238902665464
VRT,üêª,171.49220275878906,-0.710860614425987,6.662647133240035,6.029551709170169,-4.960276487485931,30.875961606315443,-2.344853845026279,33.180780770816845,0.10597531888416468,55.181653605418326
UEC,üî•,15.609999656677246,0.3858486508452406,7.1379545891306515,25.78565550854895,-6.750299461715217,91.29901897765177,19.069413161476998,126.23187595544516,0.11024605079447306,76.98962854041412
VMI,üêÇ,432.8599853515625,-0.5011086682925779,3.00304478642052,5.242204362089212,5.760773815746325,29.18638645957799,5.137109697468214,39.129880363037515,0.47845333156621717,66.46220086845626
MCD,üêÇ,308.739990234375,-0.22621904133542017,-0.04532978704484962,-3.1343207127055397,1.750257071270294,3.990406823933848,1.8070237724338307,12.203007217761822,0.08948390538399677,46.55737048803062
COGT,üêÇüõí,38.31999969482422,8.616782938528011,7.73123425244266,-4.771376499892167,131.26131804814577,214.0983630649123,10.305117568766393,419.9457298487773,0.1373440429809843,42.87914668282993
SKYT,üêÇüî•,28.6200008392334,-2.220702454269574,4.796782859423654,74.61868154375381,54.87013824768739,169.23801064078032,27.596970351486167,152.60371608080087,0.2306193946513685,81.83908093856024
XYL,üêª,140.125,0.010705438286415452,-0.5429763595446818,1.3562386980108498,-3.6006752296105047,6.380071344553137,2.198963880261853,22.855198812229073,0.08163265306122448,55.31239227852464
SIDU,üêÇ,3.325000047683716,6.913188419296266,-22.31308680630642,222.81554757689173,142.70073256283527,62.19512804996974,-23.210159208551616,42.09402434376048,0.13241689675516483,62.660619641382794
STM,,28.209999084472656,-0.7738347461891268,0.6062701975561451,6.977626951524411,-2.2910609335651984,-11.5668394512278,3.0690472030792426,17.4600759296715,0.14847709420778876,65.37911918643758
ARM,üêª,103.01000213623047,-4.478852342062897,-8.905199444433274,-17.174559892770112,-39.64375505865922,-34.463667809991854,-10.21528883272262,-26.452945929021244,0.3640378266403865,31.29931471664841
MMM,üêÇüî•,169.27000427246094,-0.0885337611294278,2.438875965459584,2.1545005370964927,10.76910649133775,7.38356972999805,4.603878760996191,25.69480238493459,0.12594972684159386,72.82285366909804
NIO,üêª,4.625400066375732,-1.166661623196539,-2.2114154815213505,-7.306607644607803,-32.17888636432441,5.122726502792911,-10.011669522896579,13.367650805597695,0.17729846249224612,43.4001831610747
REGN,üêÇüõí,758.635009765625,-0.03623135663469326,-5.290196062893009,0.7992100512159428,31.77651668919755,38.316282693900504,-2.2767950752347086,10.417666434332654,0.07184446435245886,40.24556769692556
META,üêªüßä,620.8699951171875,-1.6194253281428934,-3.8990190596225034,-4.114224374396963,-13.403058664947498,-11.350594533704362,-4.541747397341877,4.809065624682528,0.2086562356852903,27.567958513757603
OKLO,üêª,92.5,-4.727568761993371,-5.225408354359116,12.352724332272775,-46.08300226373691,37.7102910846371,18.89459687869518,305.52390252403023,0.24964733512047774,59.355184286347
NET,üêª,188.94000244140625,0.12187786516684039,1.0590477409264034,-3.9450913204019167,-13.083081149408377,-1.2078418607026142,-3.6118771945406825,68.69643075125558,0.12353152514442838,33.65671593636401
AVGO,üêª,340.0799865722656,-4.097459005530188,2.285844362008884,0.2709466007907948,-3.0169023780296502,19.153250209250118,-2.1690376419170114,52.716097821154925,0.11157091392310928,42.75631968205771
TSLA,üßä,440.0445861816406,-1.6000504986744097,0.9739785469402801,-7.419454999493418,1.1248057804915423,37.76794124680753,0.45074504631869833,11.021445767622293,0.14665525315035885,28.891971032255412
MU,üêÇüî•,335.8900146484375,-0.6624642007595053,2.712380261989059,41.4845054299848,75.06810138461417,196.8710377855382,6.48975979623214,246.12860504965414,0.1527166441607955,71.21903550597483
BMNR,üêª,33.06999969482422,5.925690013319061,5.722503097459721,6.849754053716605,-38.513544663437074,-21.050808748403664,6.02757014612345,326.83499592199877,0.36036416601145627,59.43774696085427
IONQ,üêª,47.70000076293945,-2.5337104588572728,-5.450941443830757,3.5380965463699767,-34.12512311762269,6.378235059364737,1.9884547703086544,61.640123324210684,0.17574180831823324,40.742604455787514
SNDK,üêÇüî•,390.1000061035156,0.07439741072271569,16.607878322312285,93.24318399921631,170.3395688519797,839.5472105072491,41.73086031987355,983.6111280653212,0.2368008562106484,84.41411122685558
CIFR,,18.26460075378418,0.08000413032427227,10.360130488006982,23.911811651260578,-13.149785271369083,184.49533546310693,12.744443787730475,268.98184762749906,0.22655668965934075,62.044488414455074
CORZ,,17.799999237060547,-1.2756596828935165,6.714621770943443,16.492143639582004,-10.732202806825093,32.14550025385295,11.319571556290343,27.965488370383795,0.09098639797546916,69.66100292212106
MOS,üî•,27.774999618530273,5.9710056799840014,4.890483756347445,11.725659439303964,-5.908999980099003,-19.985714893270504,11.01118749145238,5.570751315438722,0.325268096134652,78.92115289339266
VIRT,,34.04499816894531,-0.014687425043437695,4.657237769749415,1.9922021556353007,2.00902419543249,-23.603295931754374,4.4325146087700125,-1.436830037215645,0.049158110277978284,55.15101873898216
GOOGL,üêÇüî•,332.0799865722656,-1.1578458297775516,2.040309759417135,7.7412190179304385,32.37350271411009,81.17138078783,5.372042837907258,75.7780023500396,0.21074039592520397,76.62955792191029
MRVL,üêª,80.71990203857422,-2.8056603582921547,-3.2019306697573384,-4.132469315033291,-9.125906701528256,12.250330699759418,-9.634208858105268,-29.696571689885364,0.17360022141826306,32.5019675368993
DDOG,üêªüßä,123.80500030517578,-1.3505973663937998,-5.260937217575772,-12.844070647386202,-22.63154793173423,-13.513792816014705,-7.449356095547826,-11.034063633841704,0.1394056358864664,25.62599075850561
BX,,154.01010131835938,-0.7986464938103864,-0.8305870624925512,2.4412033190556643,-5.205931754171962,-9.373374525270467,-3.0163108572719994,-6.232864946959431,0.08732071125474176,47.87447919663437
HON,üêÇüî•,211.3300018310547,0.4993356752202866,2.9672559807515033,7.029630335446843,11.389682036819973,-4.879667625741464,7.887480377328624,4.85881556986947,0.14465776272664363,75.32799056250461
V,üêªüßä,326.5400085449219,-0.40868498168089046,-7.293530261509548,-5.866414495712637,-5.352538929731042,-6.302700042557588,-5.755022457036654,6.395971056886609,0.1970247744821704,24.44782753962143
VICI,üêª,28.020000457763672,0.7551276370158422,0.5742995115106365,-0.44551168040803746,-9.00420757710753,-12.085530813556012,-0.46180874788014964,2.3810330242782407,0.04425958011485128,55.80357713054696
WMT,üêÇüî•,120.41000366210938,0.04154457585929256,6.4915574308798245,3.0995827709602732,10.662621896339484,27.181902407525584,6.78432190577346,33.894235602537975,0.18808863172750498,81.51096505087531
BWXT,üî•,202.8249969482422,-3.664385192320975,4.981884136664099,16.318748998032117,-0.34655901890495716,42.90203934457671,11.534226087837927,74.5371476141924,0.27456142306234815,72.3785914656434
ONDS,üêÇ,12.989999771118164,-6.479485600857029,-7.280517067094153,68.92067196958361,36.5930542427074,441.2499689559154,17.876581048293996,552.763804465616,0.23821779158624,69.89140636054512
ALB,üêÇüî•,177.32000732421875,0.2487575922997983,12.008091755916432,34.10982127298137,81.1890753105561,136.09742638973216,23.19878854135171,95.40038700591002,0.1893367561597728,78.20560285272938
CROX,üêÇüõí,86.5,1.3236467342894755,-0.0808590678883921,-4.588576543206136,4.405554125651572,-18.878362348239406,-0.5175353237908134,-17.713091952128455,0.07720455312978008,42.926817619199284
PLUG,,2.319999933242798,1.754384313814067,0.0,4.504500150622547,-39.7402599815334,40.6060585918724,4.035870556032749,-12.781960211167148,0.08508370150217248,62.61682513707958
ONTO,üêÇüî•,199.85000610351562,1.2206258267366996,10.793879972091254,28.09255264120712,50.17283089402538,102.48228194810991,20.4859299370698,-1.137762979179961,0.16563186041992067,81.04556547850628
APH,üêÇ,145.67999267578125,-2.2085040732782417,6.921095541857798,12.364056717268808,16.210916234408472,43.35344130743098,4.273126959431675,108.9101797193352,0.13040716029379704,63.8064340835728
NXE,üêÇüî•,11.164999961853027,-0.3124986429299396,3.4754402347152475,29.825575193113497,19.02984888735795,61.11111455149474,8.926828896127097,66.3934411084794,0.09635321576234852,80.34781402992115
WULF,,14.25,0.7779324894372479,10.981307092336172,14.09127510916097,-7.886233005625693,165.85820233285457,11.852435290501628,155.83482155889448,0.16537526073127626,63.80090217863482
SMCI,üêª,28.403200149536133,-0.6881126898903921,-5.006018354818011,-9.457445362853763,-47.342972056599244,-46.15507080656657,-8.258394736900469,-6.9662642950404,0.2811758092900017,34.02559437868966
DPRO,,9.319999694824219,-5.091649852734035,-0.5336199716706816,47.00314622263752,-20.613288956337474,29.08587210051463,26.802718581669588,163.27683037447343,0.20000742098506155,61.87844993360286
RIO,üêÇ,85.5999984741211,2.4045965118906842,1.6747784675456674,12.898969689608819,24.310191279976618,46.052791128446316,5.120960522310428,50.502241417401564,0.22659637304703062,63.11613839417901
LCID,üêª,10.949999809265137,0.09140977390682462,-2.580070887529724,-7.281969346276064,-49.46931347155846,-64.90384762338864,-1.7937203238353068,-63.006757877881356,0.15725838554467098,41.41413971132575
HAL,üêÇüî•,33.11000061035156,1.5332719737554448,2.921984752593686,16.543473383255158,48.81866151148984,55.85901021418792,11.858108728536287,20.89974574328771,0.12815702095892748,73.84168684631695
JPM,,307.760009765625,-1.009965967353749,-6.680007947025506,-3.397211659066878,1.1312924387594743,7.158067255535844,-5.0177462807404725,26.912566045236797,0.31593707131570264,35.197554318582135
AFRM,üõí,72.69000244140625,-4.317492071334888,-10.93003075877184,10.70666827171333,-0.5064264023424936,4.6350959610225475,-1.810072078868339,31.32792131040885,0.39413898265533154,43.516490223643544
WVE,üêÇüõí,15.050000190734863,5.836848861603282,1.4834812418112944,-6.579766477076299,86.03213729137637,87.89013434068008,-5.642630904656663,35.220126109503234,0.17686774091685434,33.64738263935676
APLD,üî•,35.21989822387695,-4.059114404135128,10.268934361231402,53.26326773481512,-6.726960303405839,222.8221697201145,25.293125077013183,312.41098807024895,0.22505849997734315,70.73470054289086
ETN,üêª,332.5,0.036101785734616254,3.718264996884747,-0.2130762802092754,-12.89426832843508,-12.411136819252224,1.5856535028317174,-1.2597373079227765,0.12299043992437753,58.82674426621062
UPST,üõí,46.2400016784668,-1.8258955913275001,-8.634654967759364,0.41260031390692853,-9.457603378147125,-40.39700878176923,0.8726036748416639,-18.87719003777755,0.08031841776336969,43.619829267397236
PCAR,üêÇüî•,119.7300033569336,0.25119572217300845,1.2944216989797137,7.341058874941699,27.756013281593507,29.784392479324396,7.323418767599719,11.49210683604841,0.08210102218320842,73.2443429356824
DLR,,158.2100067138672,-1.5555969731561727,3.4525693395407493,3.479630679218216,-8.974633489153062,-9.13907408962066,2.0512210279362906,-6.212669983272245,0.053209598103520855,59.791939699227676
LULU,üêÇ,210.74000549316406,-0.5474225751450377,-0.6739843937042338,2.1571633873965457,26.11609682564236,-9.673821225668409,-0.033201492453048154,-45.78895642660614,0.06850044718714313,47.697070144455004
RDW,üêÇ,10.085000038146973,-0.542409302895135,-1.8968842401697095,46.371556365371326,12.807611985531885,-47.171294093573785,11.683281687414276,-26.814221817314337,0.24632126029442508,62.675624330403565
XOM,üêÇ,129.08999633789062,2.015169435683463,5.028063210192886,9.621258488559699,16.673320874449786,17.70627504898143,5.250709116911746,21.972088570616048,0.1586504036625101,68.25216338939742
AMD,üêª,216.8000030517578,-1.8871331610214142,5.92144362403559,4.441661595227803,-9.136631388978243,35.15366754085324,-2.984739845397816,86.75166671617546,0.22078089710903975,51.76449649237612
OXY,üêÇüî•,44.540000915527344,2.839989617259307,3.030306239099368,10.82359402203982,6.969351023808409,3.417273977042326,5.096743258548886,-12.594344093050289,0.1782059144609884,71.26437453595169
HPE,üêªüßä,22.440000534057617,0.6729457710599861,1.907357255053391,-6.133218762628409,-9.844411605856017,8.94987435830594,-7.157631513345009,2.2398788800892375,0.06893813995573027,19.60225240748808
KTOS,üêÇüî•,117.00299835205078,-2.2694644511768463,12.459628337612584,57.558571217663044,29.170894222633102,98.61313640317498,47.56337117047266,257.15202792041816,0.31938491489138354,82.19381242845274
URI,üî•,923.6500244140625,-1.757124647285449,0.6308194228864085,13.968957804602097,-9.256097716735566,13.539034468022276,9.299934570624327,27.684580548342947,0.08439639092159792,74.58637573116835
XPEV,üêª,20.729999542236328,-1.520188629084739,1.0233873284013686,13.216822211247356,-4.205175014225789,13.776072027851896,1.4684250248618176,64.3933394657896,0.17832896253753563,56.51073516078628
PL,üêÇüî•,25.47089958190918,0.5959711252121661,13.506679927442555,41.113023038870395,68.79323607919908,284.1764576508916,24.7961772284813,582.8659370418992,0.302962948699257,78.35160365377513
ASML,üêÇüî•,1261.550048828125,-0.677866183777631,5.629153456572242,15.970483270849844,25.15109207597794,70.08686106549739,8.401073834401512,72.97602825161971,0.3976195127495658,78.2979689079953
QS,üêª,10.479999542236328,-1.2252603077051405,-3.764929184210902,-3.23176716468485,-41.288519225379254,-22.94118199793922,-5.24413069959424,99.61903889973959,0.1512852298390808,34.52768294539209
NOC,üêÇ,632.4450073242188,1.1103129215377698,7.050733906482595,9.83953029036301,4.282652250766774,21.70057698076253,7.988429519690212,35.31591177703309,0.09457433937887655,67.03633010157375
INTC,üêÇüî•,48.32979965209961,2.1987708108308683,17.562147736699597,28.845112809176342,30.0936680135337,111.97281258475363,22.72676064305836,151.71769651898956,0.5070352179070888,81.19773237665531
DE,üêÇüî•,507.5899963378906,1.6155524306751763,1.3558324102293853,4.372004068527415,13.576652334302914,2.401052090251179,8.738219711139479,19.019733377679984,0.12067611328454037,72.048081808446
PH,üêÇ,930.1500244140625,-0.8738691730401199,2.6123373610015457,5.2837170768562025,26.33311865503563,29.18956227940102,4.0459568150896486,45.163018106539845,0.06813640353334453,66.91044907926465
FIX,üêÇ,1046.199951171875,-2.51039595102491,7.6902450553789015,8.024943444417723,25.0546993110112,90.29816777560524,4.240557959254515,125.09379816549422,0.08580532876046172,61.96948333893703
VRTX,üêÇ,450.8900146484375,-0.8313719109821328,-4.000591534737657,-1.0576851280461244,10.53935312459529,-2.6723022554497957,-0.27425524096689685,9.529711567152424,0.058174955595026646,45.19520784419607
BLK,,1074.9749755859375,-1.3368084654415344,-1.1898915211112446,-0.6639552715690991,-10.176585902524272,-1.8159192941606184,-0.9294492897363562,13.895867647810114,0.16035921481363744,46.150761014556174
ERAS,üêÇüî•,8.050000190734863,7.261826355542232,38.5542215149092,134.69387854401737,223.29317911257922,440.26846571884886,124.23399396090373,318.1818384488053,0.3794936797731373,87.4598047198672
ALAB,üêÇ,170.05999755859375,-5.815241549608812,8.505073817667737,18.3767181007301,5.323135921495175,73.61919638288018,-5.290710697910304,32.39392884307966,0.22971907151531817,50.67000512505006
AVAV,üî•,359.3599853515625,-1.236739455054968,4.174395365602736,52.711190789843975,-6.584527003324416,29.006314079957896,40.27088564228906,118.2436398392091,0.2371292656780418,80.81194530465494
GLW,üêÇ,89.94000244140625,0.06676144840002135,5.402555386649266,2.076951331719422,4.187043266473163,67.18616755665816,-0.8051127630761195,93.23070578384124,0.09030416449977091,51.7857321265571
DELL,üêª,120.55999755859375,0.7521259142075057,1.7383945642141352,-7.623934845634385,-21.2820012115029,-1.934021038766931,-5.665105884412169,12.555377397538503,0.11913115639133784,33.270140774892866
EMR,üêÇüî•,146.6999969482422,0.23914645037937926,1.9812239998625278,6.877460891152892,13.100903594969232,2.4432390248227005,8.01059419622294,24.550315232112037,0.10318292024314293,72.02357469617301
RCAT,,12.0600004196167,-7.6569675947173454,1.944213841030955,61.22995172278779,-17.791408610112327,-1.2284981004229205,31.659395420447527,28.708650660747708,0.4372364299971887,66.32653006057993
VST,üêª,169.6750030517578,-1.0179647274687846,12.666000116315331,0.987568974847969,-19.41589935405586,-6.541478979688834,2.690193935215297,0.055364259576586236,0.11799941647777004,56.73425188157937
TGT,üêÇüî•,110.26000213623047,1.5005108386497847,3.6960408515933905,13.017635194188271,22.813585331780686,8.886296238253962,9.700527104541225,-15.641257241882192,0.17545370911864186,84.57535093359161
WDC,üêÇ,214.07000732421875,0.032713702905957945,14.06117629918415,24.430374144564524,77.88287020063677,220.04111697933465,14.049020141032836,353.14162827849816,0.08459046722186798,65.20890130508246
O,üêÇüî•,59.59000015258789,0.6078011364745151,2.2302268255999493,3.0879134643266437,1.647352068545567,8.733217819256362,3.978361062052696,18.6102508541847,0.13255610982064658,83.01030806112968
LUNR,üêÇ,18.229999542236328,3.7564021563787082,-7.131939268384563,63.93884649145188,41.53726226909772,48.81632279376594,1.957496632537428,8.447353488445449,0.13794158000481138,58.23754719273454
CCI,,89.97000122070312,3.640137946066041,6.448183618194464,0.5363765430683125,-7.165137531622177,-11.684810306035507,1.4317974252039767,9.156097443577844,0.18790717107952223,59.50783875981694
GD,üêÇ,360.78009033203125,-0.6936134174530985,2.657662140263109,5.8968821352719925,8.655608073573795,20.75239238933734,5.061181346667697,38.87694972700474,0.08591464682640541,62.1731294789063
TECK,üêÇüî•,50.92499923706055,2.279570798680677,3.087039805824193,18.265205789445197,16.240578956263683,34.125220068543136,6.027483929505219,20.627601913316663,0.1981859670991086,70.120470852966
ITW,üêÇ,259.81500244140625,1.189824178060244,2.3982212652545045,1.0954277262316525,5.572870746173525,2.1009465568586516,4.1342695155936875,5.283557393490528,0.12768906892437243,64.05341216335432
FAST,üêÇ,42.29999923706055,-0.2828829256589031,1.1961722706365314,-0.6575917847657948,0.662627098164819,-6.885969795919326,4.5994081936568305,17.16476197741676,0.09990111258041874,54.367457853024895
LLY,üêÇ,1066.3900146484375,-1.0026018943059765,-1.732408865995431,0.3954164013855146,29.203343364887274,40.55177547863507,-1.293084795118453,44.224680246324844,0.1271596177993899,48.693182232528976
UUUU,üî•,19.44499969482422,0.12873129985612383,4.599244406769436,38.69471512075748,-22.188876058744505,112.28165959323499,16.576734646644233,277.5728026163638,0.17011051020955642,73.94722051823344
SCCO,üêÇüî•,176.47000122070312,1.2043391422384855,9.915912716496837,22.667871869871995,35.74217159061166,88.92176943341053,18.68316519144859,95.87785768241913,0.1691546119575381,79.54308571001208
PFE,üêÇ,25.375,0.89463373710729,0.33609759349778917,-3.9916772341814193,5.870510634434053,6.864839651026319,0.7744229247850181,3.033036179723992,0.1841121408635571,63.34233025381598
ALM,,8.869999885559082,-2.420244921186006,-4.726106490076103,21.34062865924414,-8.46232951840626,95.37444846009954,0.795451060307003,488.3913483871003,0.22733149124710195,50.372205148374455
CEG,üêª,333.75421142578125,0.06722413195364198,3.476840882918719,-6.548077018386425,-17.282542786679507,8.588681295538986,-8.872570259172354,16.18514777024903,0.09049960330995908,36.09871051968435
CRWV,,89.14990234375,1.9088922299224529,15.643931221633474,23.220323737308814,-35.97393074785049,-32.56947445990918,12.392716448241742,122.874755859375,0.3597836502309986,61.787220904794594
SBUX,üêÇüî•,91.08000183105469,0.5742096803000536,3.2887293216630766,6.6510541026800345,10.714460265942002,-0.9085786186825996,8.467310357259546,0.45997867441216417,0.08502350625619984,72.61906355346412
RTX,üêÇ,194.9149932861328,0.4302305478155237,4.137946889435043,7.031460454046797,24.640357370134552,29.734126244179006,4.0934543584153875,66.19147822276669,0.09245465745487708,68.71803799126964
CLSK,,13.175000190734863,4.980079605587665,9.88323971841234,10.57490753601211,-43.211207941936365,1.502316297192553,14.069263836926485,27.294683141489696,0.6561195668730246,64.00336232321135
SSL,üêÇüî•,7.510000228881836,6.223480149040272,17.16069278712739,19.776718528348198,26.858110339472614,51.717182187058505,12.762768782945438,48.41897853375211,0.40127428667648,77.03350592259356
SNOW,üêª,207.75799560546875,-0.7794086579764173,-7.163858153463508,-3.4940557490153163,-13.743255385286323,-1.8064118501321242,-4.130871132415318,27.13909243589507,0.20999514421676216,35.36836126305295
TGB,üêÇüî•,6.985000133514404,7.131904201659407,17.79089942185302,29.112760268481363,61.689811480450174,116.25387282561151,24.73214736550446,247.5124461022773,0.42803385537559935,78.96907990867535
BHP,üêÇ,65.3499984741211,2.125327019817766,3.8125459604356213,10.407163355858673,15.276062898565723,26.426775411740454,5.8128242392393386,34.351383666847724,0.22912643144170494,64.28092085487978
SMH,üêÇ,385.635009765625,-1.5056289510512948,1.7560289689096442,9.616023029926293,13.182441778364625,32.60943161275847,3.30431887918979,57.60875984494421,0.21108327072022018,67.8359154196203
MSTR,,184.57839965820312,6.698880742851351,10.545845546365536,13.88104489941937,-37.80213182902259,-59.104355661841105,17.44616655459153,-46.0565238288522,0.686281518300719,68.12803902887008
SPCE,üêª,3.0850000381469727,0.4886027762329755,-2.0634938175415214,2.1523197891053445,-32.93478038901413,-17.513368174319936,-6.231000792796135,-42.011279349572625,0.11650200852717675,31.950201557774292
IREN,,51.93000030517578,-2.0003799579454657,13.682136511045167,46.36415156476239,-23.609888583685688,187.70084487622734,21.61592360028084,373.3819420338161,0.32588864282039237,66.53807261718387
NRG,üêª,149.07000732421875,-1.0093559005482384,3.8598262328704065,-6.825425210334088,-12.769136149926211,1.673883280785004,-10.285264781676084,51.41806633552763,0.1293508549630893,39.599641176253726
CAT,üêÇ,630.8099975585938,-0.8986271621151515,3.729464504904953,6.960456306503779,18.45751791901896,51.87404106944975,5.41435234506646,72.33251373382214,0.07846907309994558,67.95546226785146
LNG,üêª,198.00999450683594,2.2303639893528016,0.7684450416467875,4.861511723118314,-11.850249838787938,-14.11813695517265,0.10616352469073374,-17.79189922766678,0.2808519171301622,62.3871167180485
MARA,üêª,11.191900253295898,2.20913651364708,7.202114014692248,4.597200493450709,-50.99868573324945,-43.95643145660218,12.935423063790902,-35.53053076148914,0.31555185823738285,64.13337151889831
ORCL,üêª,196.43499755859375,-2.894357566791431,3.851442715930628,6.507820076601522,-35.1313289911406,-20.685008022335623,0.6357606285562587,26.943564998558845,0.16342218573403614,51.90324962832581
AXON,,638.3474731445312,-0.49298320726892153,4.138388444004739,15.68667401800802,-1.0298635932985576,-14.414570337401198,13.292654062447701,10.097876264955746,0.0799937199736239,67.3497095974908
WMB,,60.970001220703125,0.7935188112371936,-0.29435862744762886,2.5050465533523707,-3.614681614476335,6.725823905715947,0.19721076350243008,8.644016239245069,0.08463053883446506,57.26191070885237
ABVX,üêÇüõí,122.25,2.181545155187778,5.853322591800961,3.680770251121018,27.863193410297043,1082.3017233650942,-8.611799285733108,1887.8048472240905,0.18387188608694197,36.68980882865321
NKE,üî•,67.04000091552734,1.116135489755323,2.7275493733223017,-1.0917643509836719,-1.4490148060875265,-7.072317004610499,5.941849255314172,-3.590187581321501,0.08902619575745505,81.45267287425175
TTMI,üêÇüî•,99.37999725341797,6.585156081427014,48.6389415886896,37.93198201813731,70.7266772315193,115.01513333777913,40.744931871376686,294.2086507834429,0.5110095697475391,79.3205378216956
RIVN,üßä,17.46500015258789,-7.347481171636177,-12.192052848038873,-6.604281069330999,30.238630509442725,35.38760208566361,-10.020606440569042,30.922038626811943,0.3414487662169145,15.44183451937974
DIS,üêÇ,113.20999908447266,0.20357206647661835,-0.840850573591215,2.461762397766353,2.0284382492100335,-6.737609045608985,1.2159147330397397,5.8657032303725005,0.0823165247609028,49.9708392555669
TSM,üêÇüî•,327.32501220703125,-1.1729655953249807,2.929153849047536,13.757219474572432,7.711811429268653,34.05703411954574,2.413887928746164,64.6738522152422,0.22021890079939424,73.50098931352503
USD,üêÇ,53.79999923706055,-4.593013265865258,0.46685341468124913,9.73684968141071,6.420684961700286,28.342968601837725,-1.5913644796479232,69.95074164688496,0.33361926248758367,49.50642762943305
MSFT,üêªüßä,464.1700134277344,-1.3810100101050935,-2.9156412438401222,-2.242953905102044,-9.425085174198895,-8.969467510583625,-1.8543555141031682,12.491650910236608,0.17600081034900505,27.025932529917867
COPX,üêÇüî•,81.66999816894531,2.292086566875507,8.000522616533146,21.560439657775447,31.671329743096592,89.87950815608376,11.784835611917979,114.02046846323782,0.3891940910030635,71.50595913171166
EME,,658.97998046875,-1.7254503817530413,4.8880194793335185,5.590532152721184,-4.584158680090913,17.876522732935097,3.18327022273889,33.95564662337223,0.08678241034089469,61.69135523544419
RGTI,üêª,24.030000686645508,-1.7981145854338267,-4.831680448928681,2.124946814318522,-57.34824170826395,40.19837539293164,1.8220351619714776,168.49163350561628,0.14244083916405612,44.327732902336756
QCOM,,163.8000030517578,-0.9014400719320522,-9.935664238505275,-8.624340025006846,1.0228676431422763,8.494781539832335,-5.306967801202091,4.975009901183741,0.11986109226385068,35.465879544172154
COHR,üêÇ,189.27999877929688,-0.3946745276102743,9.315625441174216,6.068928000147757,71.43374015144082,88.75149689209442,-2.5986739073610208,103.52688040784611,0.1544501091916623,48.20313856342549
GE,üêÇ,321.94000244140625,-1.6166025020067292,2.385192705052715,7.086239945054672,7.393105515184721,23.9826460282193,0.3710062171180826,83.06826806332622,0.08571592833031601,55.5781790898869
PSA,üî•,283.0249938964844,1.1417673149884688,4.391044184753367,3.908138931949768,-4.934571656485462,1.9658705097984026,9.51284291240945,1.7134923636159445,0.048584531675087445,76.95031925818049
ACHR,,8.40999984741211,-0.7083874583837146,-3.4443190519053943,7.407406505203798,-35.45663837481597,-37.23880532218607,3.4440311073777443,2.311430343200923,0.09161979382330042,54.20560095165434
KLAC,üêÇ,1405.0,-2.5537132000309195,6.06975886274628,14.6835808049361,29.47050969249269,50.51224268048671,10.24190701212533,102.06615636436958,0.1625261244888687,64.20069680311292
LMT,üêÇüî•,560.1500244140625,0.33136963309047907,8.045293915638828,15.633130111711518,13.013917123560903,21.168037693269003,12.690368793202843,19.031897896743843,0.11598322589974472,76.98569124728158
TECL,üêª,117.9749984741211,-4.241070295087896,0.13155557604680934,3.3870807493615205,-0.2488421662679816,23.205861465922624,-0.15657175207722784,49.1376747023823,0.33630296175691965,42.66585029719043
CRDO,,152.0,-5.8123711730111,7.352216915993785,7.027176050771519,15.668515154168224,54.393097726463616,6.130427806495288,119.05173848823421,0.22063199689695562,53.62018367492229
VALE,üêÇ,14.25,0.992206567889616,1.279319893958463,11.589659273164278,27.573857678324714,50.19916542214455,7.466061493436693,77.62673679072589,0.14797180321223527,69.69695218230481
CMG,,39.845001220703125,1.1037842552023769,1.6972968615303847,10.865338740141517,-4.608568867522607,-25.579005342998563,6.281673611097685,-29.402901860016424,0.08058999934512263,67.97899281382288
AMZN,üêÇ,238.4375,-1.7157897769134904,-3.1883119494059207,7.143662799264501,10.60791942238439,6.502365016834558,5.270419426048565,9.495548316848874,0.1937841219735208,58.47748576414722
MS,üêÇ,179.7100067138672,-1.6688487002852632,-2.6911339392563347,1.079933348467105,11.161433927494937,29.212328094577373,-1.2039512128095315,48.24432529210267,0.17904117869130112,50.36522887375335
LRCX,üêÇüî•,208.72000122070312,-2.6401733059029118,3.8614621056839673,27.035908304245204,44.40089828599154,107.83455737925604,12.785044836401308,180.61745517455515,0.21026326840242915,70.29020109125234
RBRK,üêªüßä,69.45999908447266,-1.9203623499181632,-3.083576309382761,-13.055451727199818,-12.142674893211632,-20.096630805674767,-7.963431878919581,6.713785516128745,0.1394923312338738,23.831017080795405
AMKR,üêÇüî•,50.25,-3.272378706396891,-1.4705882352941175,14.43862485679682,60.97842823833057,133.50062887607865,17.07829017653197,101.37595134960364,0.12852863743638057,72.32524138881784
C,üêÇüõí,113.06999969482422,-2.7773028995503313,-6.243780161334493,0.23935871964694844,13.994965097274047,22.990918697156822,-4.743047513196539,58.10470152122975,0.3499533523856825,37.49505641713229
F,üêÇ,14.080599784851074,0.7196011867583613,-2.2180544593083713,3.1545800612056314,21.11772576672003,29.459353031999953,5.5517213177805775,54.64158995987688,0.09678340411274644,67.72168242727304
BAC,,52.185001373291016,-4.317930881379704,-7.111069615848173,-5.6840779932859125,0.33701685986453317,12.181975436548681,-6.729221337459433,16.630942717519293,0.46162889633754556,30.931989227370963
GS,üêÇ,923.9899291992188,-1.5093636248304398,-1.1595785000967926,3.866938848825352,20.918659539551193,32.25962554085815,1.0553953737470334,64.96891192218004,0.16606620620234205,56.24997431756638
RGC,üêÇ,33.25,2.1819270574570298,-19.724767093473165,92.64194414297556,77.23880380774291,123.75505227592198,61.87925276509824,25897.889381755886,0.30027252064198906,55.59597063814632
INFY,üêÇ,19.364999771118164,10.530817723448827,7.344782640506247,8.914505192697451,19.563537210906375,6.422551586888129,6.694215857434147,-11.44486052276195,0.5646244336314705,57.8017682378305
KKR,üêÇ,128.97500610351562,-0.8494739483277444,-3.490716333012911,-4.328307663192418,3.787788044674456,-12.369926064218673,0.05819411216690205,-9.705606837179536,0.16944952409077485,46.15677552568858
ASTS,,89.94999694824219,-2.987493783425914,-0.6735872645721777,32.65005189023572,-5.9985425297473824,56.570923853265164,7.763263007994093,339.2089792909245,0.14747633157833137,52.77273852387908
PATH,üêª,15.354999542236328,-3.8509750438902173,-9.034358378848497,-4.981437579064677,-7.998807364308262,24.533654803308732,-3.3060489195284455,15.624998877924586,0.19526352232833583,46.556628111884606
MA,üêªüßä,541.760009765625,-0.5926678520023707,-6.464088683068529,-4.66611267688229,-3.595569099955915,-2.2173672265983155,-3.6503509802567904,7.046497265345596,0.17558584082323825,27.4814430225194
ONON,üêÇüõí,46.55500030517578,-1.4917436339311119,-8.04858913089324,-2.584223868366366,12.343151177543877,-14.168512417915263,-0.8413215151116041,-14.577981091420586,0.20964872565295137,44.58857242173144
ZS,üêª,219.77000427246094,1.3488911597186266,-0.249638268642774,-4.576437583197536,-27.31271710402472,-23.235181908915013,-0.3626980211239135,18.99399066941048,0.19110333519825884,38.31660416172756
SOXL,üêÇ,53.92499923706055,-3.8255760111260986,8.610267028800388,30.949487220578987,34.87993960603279,97.44021183028212,14.151137428178675,93.0269446954856,0.2500926342463104,68.52690858631254
LEU,,292.510009765625,-1.931129332553418,2.1869029748908297,27.878815572716558,-32.91054821889335,25.06306833509316,7.343122849770642,318.7088565846392,0.20424518214596543,59.776446299094744
TXN,üêÇ,190.67999267578125,1.1403988279877257,1.1833355073768088,7.141648237287073,9.763198123545658,-10.534885434159893,7.413242500333722,1.7420068629669196,0.10833917580827533,67.93247824556109
ON,üêÇ,60.874000549316406,2.464232798627197,-0.02627498849137962,10.499183845903126,20.877680324737085,2.464232798627197,7.361551552403478,10.3189565289048,0.08315093434156792,64.7911505283957
NVO,üêÇüî•,59.3650016784668,-0.46109609992613665,3.5315687486748515,17.857857727465813,4.6632588167121405,-8.050303621944446,13.313613991368983,-24.856677905683807,0.17911968476212176,82.03222371490708
LOW,üêÇüî•,275.6099853515625,0.4958925621011851,7.571911534873073,10.784623644952914,14.671078869738219,27.384978773020872,11.632705266683326,11.91943851839643,0.0938545897318818,87.68017573728486
PSTG,üêª,71.33999633789062,-5.397171630511101,8.584474355594832,2.544195272144134,-22.942325635210125,24.611347315092793,3.376313765446041,12.79050804409585,0.20846025937632828,58.06578813280761
PLTR,üêª,175.85000610351562,-1.737818782787616,-0.5710700573054408,-4.038195850741815,-2.0988693442577273,14.19572688522436,4.759922235262602,166.80321094354457,0.20608885113344974,32.113495584205864
EQIX,,789.3400268554688,-1.4938002445488927,0.9541134094833839,3.6709191963775396,-3.4199194040009435,3.016449275466219,3.301886114248076,-10.093365606216004,0.04436229885057471,61.85759400679578
CNXC,,42.057899475097656,7.345327073776711,-4.565691476423751,8.452554922592531,-4.552984690352855,-25.930921738368657,2.0575113066296495,-7.14266704039047,0.21570523139316417,55.822761195823915
AMGN,,324.760009765625,0.14185075238113343,-1.6206645734268992,-0.16906575177410219,10.00818104061927,10.554784360878385,-0.8790150024571288,25.54512675924738,0.040507738959228545,43.891840867896605
BKSY,,25.440000534057617,-0.6638034839609933,1.9639268782949544,45.2054787063909,-19.57002463151175,-10.07423219949585,22.19020608526673,164.99999503294646,0.1287853077755665,64.1566266358063
TERN,üêÇüõí,35.91999816894531,4.267046076780497,-4.898073249660469,-18.382186914625752,322.5882137522978,541.4285496546295,-10.446278677754238,685.9955540414556,0.10543186994774686,30.370887855382136
IBRX,üêÇüî•,3.0083999633789062,6.680852290640371,34.30356922190713,35.51351011748559,16.604653191519247,6.303888497609074,48.93069266263275,29.672415945887202,1.0079324190116197,86.97492218984823
QTUM,üêÇ,116.66500091552734,-0.5583010407438412,1.6865662877859666,6.136673972875431,4.210348841100142,23.52313001964946,3.81295939387385,49.679381138546894,0.19482380907989186,66.05630160788394
EOSE,üî•,16.15999984741211,-3.923899282918547,15.263903850041588,18.561993482969008,-11.597378334794973,204.9056465254857,24.59521599619883,251.3043517922184,0.7766083259738922,79.16666611477179
HYMC,üêÇ,34.619998931884766,2.3049609213350584,32.23834426403883,164.8814058166692,303.49649463552635,806.2827103898886,41.88524374235253,1540.7583247918838,0.17144856382692777,66.6518251272047
BE,üêÇüî•,133.79510498046875,-4.274807976928301,9.812138051468608,49.35822978972749,14.766772069845935,450.37066194884903,35.57108285604201,499.9780697665388,0.21769615016853086,82.1264654367125
BA,üêÇüî•,241.0955047607422,-1.4125938449833089,6.03197272556943,17.321413508876976,12.661450822776724,4.370348381273674,5.8504193872434325,44.35127445419133,0.18578646889191075,78.67627551839902
TM,üêÇ,227.6042938232422,-0.6224970369181018,5.995575071886428,5.956099068973051,17.122570719221876,33.50791854018997,4.4679391032339355,25.173803844785663,0.09066413475862295,62.814625301685886
AMT,,180.14999389648438,3.5582817565640816,5.7652744436472485,0.9114269489172178,-4.276729794313882,-17.724881625478385,3.0606354412605157,4.291049720243027,0.1382314338931308,62.880453806524486
RXRX,,4.711999893188477,0.4690796524436684,0.2553209449005511,12.190478742257923,-30.603830343725857,-14.637682799455682,12.190478742257923,-25.44304168982634,0.156742597748692,60.91810676715349
COIN,üêª,256.79998779296875,1.626493059421899,4.5645146879904095,2.547715705883518,-23.63960835138102,-37.48022208326993,8.569732853457435,0.559968948241173,0.38392611525084713,59.65378595797067
HMC,üêÇ,30.860000610351562,0.8167265436625181,3.557051679292504,-0.8673259161385412,0.1948096583678421,1.6469037877078294,3.0040105253052207,11.773598941311484,0.14464622261134022,58.89423242246693
DNN,üêÇüî•,3.38319993019104,0.9910455672718324,1.5975978289446178,33.19684964573251,6.725547279681683,60.34123689079106,11.656764426940482,77.13088949292424,0.10060838832635649,79.4761502204766
BIIB,,166.77999877929688,-6.461023037176759,-10.333333989625336,-5.098444539547778,16.09355041613816,29.59825597581549,-6.208530024854097,16.58045688906713,0.3152230374795629,40.8677753844682
RKLB,üêÇ,86.12229919433594,-0.5286470628770307,3.661888897725159,55.42735865637839,24.32842986568322,67.78160164068392,13.333730247934747,256.46647242657536,0.15893602566179746,63.19013323544233
FCX,üêÇüî•,59.849998474121094,0.8594511631644501,10.383616980200722,25.946965272688637,43.490769090909424,35.09821697045138,15.251296211057289,53.82920979921916,0.23100830084076338,74.3715454882252
HD,üî•,379.1000061035156,-0.16853219237309658,5.434422259872678,6.193455411627848,-1.7378434253690542,6.8729360195638565,9.62350299995676,-1.0765723222860528,0.11959725359314073,83.66542043696305
AMAT,üêÇ,298.0,-2.25341792476061,5.80882846920178,14.058258709692867,31.199633468935044,55.537036329115544,10.834234169609045,73.32740716337626,0.14019017722216648,69.44702223280922
LI,üêª,16.329999923706055,-1.8629776280835089,-2.913197265211276,-1.8629776280835089,-28.124998163589233,-47.92729717512915,-5.333333775617074,-26.86968213390032,0.18540070117153978,45.1351329059503
